age,gender,service_frequency,location,service_type,healthcare_cost
56,Male,15,Rural,Specialized,3649.926769
69,Male,7,Urban,Specialized,6600.64763
46,Female,9,Urban,Specialized,2479.949238
32,Male,19,Rural,General,1996.770163
60,Male,16,Rural,Specialized,9190.566958
25,Female,8,Rural,General,1107.856461
78,Male,18,Urban,General,5108.983287
38,Male,18,Urban,General,2286.442551
56,Male,7,Urban,Specialized,485.4066369
75,Male,3,Rural,General,456.5863011
36,Male,18,Urban,Specialized,1834.695544
40,Female,10,Urban,Specialized,8681.02651
28,Male,7,Rural,General,2896.539565
28,Male,17,Urban,General,9509.545789
41,Male,14,Urban,Specialized,5858.060701
70,Male,3,Rural,General,4422.480479
53,Male,12,Urban,Specialized,5842.879463
57,Female,13,Rural,General,5215.314014
41,Male,2,Rural,Specialized,7611.884912
20,Female,3,Rural,Specialized,2896.711053
39,Female,5,Rural,Specialized,3595.198877
70,Male,11,Rural,Specialized,8951.533595
19,Male,8,Urban,General,9469.91948
41,Male,12,Urban,General,8936.326452
61,Male,7,Rural,Specialized,4252.53514
47,Female,15,Rural,Specialized,7825.61848
55,Male,17,Urban,General,4815.72376
19,Male,4,Rural,General,5025.644536
77,Male,13,Rural,General,2126.33308
38,Male,18,Rural,General,5952.190002
50,Male,1,Urban,General,1942.745388
29,Male,16,Urban,General,3382.490521
75,Female,13,Rural,Specialized,8564.798996
39,Female,10,Rural,General,2150.050511
78,Male,12,Urban,General,804.4670232
61,Male,2,Urban,Specialized,783.1751669
42,Male,3,Rural,General,9413.766753
66,Female,10,Rural,General,5118.512336
44,Male,2,Urban,General,4153.179511
76,Female,13,Urban,General,8127.697952
59,Male,13,Urban,General,8374.676686
45,Male,18,Rural,Specialized,3388.691228
77,Male,3,Urban,General,6966.818769
33,Male,7,Rural,Specialized,7734.115877
32,Female,14,Urban,Specialized,6581.0418
79,Female,17,Urban,General,1600.791241
79,Male,12,Urban,Specialized,8771.242527
64,Male,16,Urban,General,5437.036072
79,Female,12,Rural,Specialized,2896.477021
68,Female,15,Rural,Specialized,4309.759036
61,Female,10,Urban,General,471.9537949
72,Female,7,Rural,General,1365.881332
69,Male,5,Urban,General,7678.91283
74,Female,1,Urban,General,100.1151841
20,Male,17,Urban,General,4224.001702
54,Female,3,Urban,Specialized,5272.850793
68,Female,13,Rural,Specialized,640.880758
24,Female,14,Urban,Specialized,9733.473813
38,Female,18,Urban,Specialized,2338.640779
26,Female,4,Rural,Specialized,3111.567324
56,Male,18,Urban,Specialized,3109.030871
35,Male,5,Urban,Specialized,2381.124955
21,Female,16,Urban,General,114.5908387
42,Female,1,Rural,General,7320.513461
77,Male,14,Urban,Specialized,9671.770448
31,Female,15,Rural,Specialized,2320.505485
67,Female,9,Urban,General,6664.167199
75,Male,15,Urban,General,7444.773637
26,Female,17,Rural,General,8499.411253
43,Female,4,Urban,General,4284.02905
70,Male,12,Urban,Specialized,3099.015966
19,Male,5,Rural,General,3320.421827
37,Male,5,Rural,Specialized,7154.951198
45,Female,11,Rural,Specialized,8186.116718
64,Male,6,Rural,Specialized,1897.978281
77,Male,7,Rural,General,3772.315981
24,Male,14,Urban,General,9029.207948
61,Male,11,Rural,Specialized,8086.265845
78,Male,13,Urban,Specialized,9850.098187
25,Male,2,Urban,Specialized,7567.057771
64,Female,7,Urban,General,3992.63249
52,Female,4,Rural,Specialized,5947.314557
31,Male,8,Rural,General,6644.041117
34,Male,19,Urban,Specialized,876.7125815
53,Male,13,Rural,Specialized,5490.519895
67,Female,14,Rural,Specialized,7122.276202
57,Female,10,Rural,General,1756.48091
21,Female,11,Rural,General,7828.254003
19,Female,2,Urban,Specialized,5879.350527
79,Female,9,Urban,General,9526.995678
23,Female,17,Rural,Specialized,519.9807522
71,Female,3,Urban,General,2726.728762
59,Female,6,Rural,General,6055.383405
21,Female,5,Rural,General,3035.943131
71,Male,5,Urban,Specialized,7172.799224
46,Male,15,Urban,General,7614.152297
35,Male,17,Urban,General,1114.908044
43,Male,9,Rural,Specialized,5187.159196
61,Female,3,Urban,Specialized,5138.0165
51,Female,17,Rural,Specialized,3755.879625
